"productId","product","workload","perturbation","repetition","elapsedMs","baselineMedianMs","elapsedDeltaMs","depdLoaded","depdInvoked","deprecationInvocations","originalCallsExecuted","injectedDelayMs","impactObserved","impactType","statusCode","stderrHasCorruptionMarker","stderrHasDuplicateMarker","stderrLength","error"
"P1","Express","EXPRESS_REQUIRE_ONLY","BASELINE","1","72.5192","72.5192","0","true","false","0","0","0","false","NONE","","false","false","0",""
"P1","Express","EXPRESS_REQUIRE_ONLY","BASELINE","2","75.7759","72.5192","3.256699999999995","true","false","0","0","0","false","NONE","","false","false","0",""
"P1","Express","EXPRESS_REQUIRE_ONLY","BASELINE","3","73.1388","72.5192","0.6196000000000055","true","false","0","0","0","false","NONE","","false","false","0",""
"P1","Express","EXPRESS_REQUIRE_ONLY","BASELINE","4","71.4591","72.5192","-1.0600999999999914","true","false","0","0","0","false","NONE","","false","false","0",""
"P1","Express","EXPRESS_REQUIRE_ONLY","BASELINE","5","69.1407","72.5192","-3.3785000000000025","true","false","0","0","0","false","NONE","","false","false","0",""
"P1","Express","EXPRESS_REQUIRE_ONLY","DROP_WARNING","1","78.5182","72.5192","5.998999999999995","true","false","0","0","0","false","NONE","","false","false","0",""
"P1","Express","EXPRESS_REQUIRE_ONLY","DROP_WARNING","2","73.0462","72.5192","0.527000000000001","true","false","0","0","0","false","NONE","","false","false","0",""
"P1","Express","EXPRESS_REQUIRE_ONLY","DROP_WARNING","3","73.8183","72.5192","1.2990999999999957","true","false","0","0","0","false","NONE","","false","false","0",""
"P1","Express","EXPRESS_REQUIRE_ONLY","DROP_WARNING","4","71.9674","72.5192","-0.5518000000000001","true","false","0","0","0","false","NONE","","false","false","0",""
"P1","Express","EXPRESS_REQUIRE_ONLY","DROP_WARNING","5","68.7494","72.5192","-3.7698000000000036","true","false","0","0","0","false","NONE","","false","false","0",""
"P1","Express","EXPRESS_REQUIRE_ONLY","CORRUPT_WARNING","1","69.1577","72.5192","-3.3614999999999924","true","false","0","0","0","false","NONE","","false","false","0",""
"P1","Express","EXPRESS_REQUIRE_ONLY","CORRUPT_WARNING","2","75.5998","72.5192","3.080600000000004","true","false","0","0","0","false","NONE","","false","false","0",""
"P1","Express","EXPRESS_REQUIRE_ONLY","CORRUPT_WARNING","3","73.6309","72.5192","1.111699999999999","true","false","0","0","0","false","NONE","","false","false","0",""
"P1","Express","EXPRESS_REQUIRE_ONLY","CORRUPT_WARNING","4","69.6693","72.5192","-2.849899999999991","true","false","0","0","0","false","NONE","","false","false","0",""
"P1","Express","EXPRESS_REQUIRE_ONLY","CORRUPT_WARNING","5","70.8043","72.5192","-1.7149","true","false","0","0","0","false","NONE","","false","false","0",""
"P1","Express","EXPRESS_REQUIRE_ONLY","DUPLICATE_WARNING","1","74.6246","72.5192","2.105400000000003","true","false","0","0","0","false","NONE","","false","false","0",""
"P1","Express","EXPRESS_REQUIRE_ONLY","DUPLICATE_WARNING","2","75.3772","72.5192","2.858000000000004","true","false","0","0","0","false","NONE","","false","false","0",""
"P1","Express","EXPRESS_REQUIRE_ONLY","DUPLICATE_WARNING","3","122.2674","72.5192","49.7482","true","false","0","0","0","false","NONE","","false","false","0",""
"P1","Express","EXPRESS_REQUIRE_ONLY","DUPLICATE_WARNING","4","76.7256","72.5192","4.206400000000002","true","false","0","0","0","false","NONE","","false","false","0",""
"P1","Express","EXPRESS_REQUIRE_ONLY","DUPLICATE_WARNING","5","119.9014","72.5192","47.3822","true","false","0","0","0","false","NONE","","false","false","0",""
"P1","Express","EXPRESS_REQUIRE_ONLY","DELAY_WARNING","1","89.4803","72.5192","16.961100000000002","true","false","0","0","0","false","NONE","","false","false","0",""
"P1","Express","EXPRESS_REQUIRE_ONLY","DELAY_WARNING","2","75.4703","72.5192","2.9510999999999967","true","false","0","0","0","false","NONE","","false","false","0",""
"P1","Express","EXPRESS_REQUIRE_ONLY","DELAY_WARNING","3","69.7147","72.5192","-2.8045000000000044","true","false","0","0","0","false","NONE","","false","false","0",""
"P1","Express","EXPRESS_REQUIRE_ONLY","DELAY_WARNING","4","72.2379","72.5192","-0.28130000000000166","true","false","0","0","0","false","NONE","","false","false","0",""
"P1","Express","EXPRESS_REQUIRE_ONLY","DELAY_WARNING","5","77.3902","72.5192","4.870999999999995","true","false","0","0","0","false","NONE","","false","false","0",""
"P1","Express","EXPRESS_NORMAL_REDIRECT","BASELINE","1","92.5208","112.0003","-19.4795","true","false","0","0","0","false","NONE","302","false","false","0",""
"P1","Express","EXPRESS_NORMAL_REDIRECT","BASELINE","2","114.285","112.0003","2.284700000000001","true","false","0","0","0","false","NONE","302","false","false","0",""
"P1","Express","EXPRESS_NORMAL_REDIRECT","BASELINE","3","112.0003","112.0003","0","true","false","0","0","0","false","NONE","302","false","false","0",""
"P1","Express","EXPRESS_NORMAL_REDIRECT","BASELINE","4","94.8174","112.0003","-17.18289999999999","true","false","0","0","0","false","NONE","302","false","false","0",""
"P1","Express","EXPRESS_NORMAL_REDIRECT","BASELINE","5","112.7493","112.0003","0.7490000000000094","true","false","0","0","0","false","NONE","302","false","false","0",""
"P1","Express","EXPRESS_NORMAL_REDIRECT","DROP_WARNING","1","96.775","112.0003","-15.22529999999999","true","false","0","0","0","false","NONE","302","false","false","0",""
"P1","Express","EXPRESS_NORMAL_REDIRECT","DROP_WARNING","2","95.8395","112.0003","-16.160799999999995","true","false","0","0","0","false","NONE","302","false","false","0",""
"P1","Express","EXPRESS_NORMAL_REDIRECT","DROP_WARNING","3","125.712","112.0003","13.711700000000008","true","false","0","0","0","false","NONE","302","false","false","0",""
"P1","Express","EXPRESS_NORMAL_REDIRECT","DROP_WARNING","4","160.4518","112.0003","48.451499999999996","true","false","0","0","0","false","NONE","302","false","false","0",""
"P1","Express","EXPRESS_NORMAL_REDIRECT","DROP_WARNING","5","107.9029","112.0003","-4.097399999999993","true","false","0","0","0","false","NONE","302","false","false","0",""
"P1","Express","EXPRESS_NORMAL_REDIRECT","CORRUPT_WARNING","1","103.3698","112.0003","-8.630499999999998","true","false","0","0","0","false","NONE","302","false","false","0",""
"P1","Express","EXPRESS_NORMAL_REDIRECT","CORRUPT_WARNING","2","99.3938","112.0003","-12.606499999999997","true","false","0","0","0","false","NONE","302","false","false","0",""
"P1","Express","EXPRESS_NORMAL_REDIRECT","CORRUPT_WARNING","3","118.3003","112.0003","6.299999999999997","true","false","0","0","0","false","NONE","302","false","false","0",""
"P1","Express","EXPRESS_NORMAL_REDIRECT","CORRUPT_WARNING","4","100.8898","112.0003","-11.110500000000002","true","false","0","0","0","false","NONE","302","false","false","0",""
"P1","Express","EXPRESS_NORMAL_REDIRECT","CORRUPT_WARNING","5","102.4468","112.0003","-9.5535","true","false","0","0","0","false","NONE","302","false","false","0",""
"P1","Express","EXPRESS_NORMAL_REDIRECT","DUPLICATE_WARNING","1","105.4822","112.0003","-6.51809999999999","true","false","0","0","0","false","NONE","302","false","false","0",""
"P1","Express","EXPRESS_NORMAL_REDIRECT","DUPLICATE_WARNING","2","107.2729","112.0003","-4.727399999999989","true","false","0","0","0","false","NONE","302","false","false","0",""
"P1","Express","EXPRESS_NORMAL_REDIRECT","DUPLICATE_WARNING","3","100.4744","112.0003","-11.525899999999993","true","false","0","0","0","false","NONE","302","false","false","0",""
"P1","Express","EXPRESS_NORMAL_REDIRECT","DUPLICATE_WARNING","4","120.2305","112.0003","8.23020000000001","true","false","0","0","0","false","NONE","302","false","false","0",""
"P1","Express","EXPRESS_NORMAL_REDIRECT","DUPLICATE_WARNING","5","100.5591","112.0003","-11.441199999999995","true","false","0","0","0","false","NONE","302","false","false","0",""
"P1","Express","EXPRESS_NORMAL_REDIRECT","DELAY_WARNING","1","101.0011","112.0003","-10.999200000000002","true","false","0","0","0","false","NONE","302","false","false","0",""
"P1","Express","EXPRESS_NORMAL_REDIRECT","DELAY_WARNING","2","117.4696","112.0003","5.469300000000004","true","false","0","0","0","false","NONE","302","false","false","0",""
"P1","Express","EXPRESS_NORMAL_REDIRECT","DELAY_WARNING","3","101.8874","112.0003","-10.112899999999996","true","false","0","0","0","false","NONE","302","false","false","0",""
"P1","Express","EXPRESS_NORMAL_REDIRECT","DELAY_WARNING","4","115.322","112.0003","3.321700000000007","true","false","0","0","0","false","NONE","302","false","false","0",""
"P1","Express","EXPRESS_NORMAL_REDIRECT","DELAY_WARNING","5","103.469","112.0003","-8.531300000000002","true","false","0","0","0","false","NONE","302","false","false","0",""
"P1","Express","EXPRESS_DEPRECATED_REDIRECT_NO_URL","BASELINE","1","105.3706","105.4445","-0.07390000000000896","true","true","2","2","0","false","NONE","302","false","false","266",""
"P1","Express","EXPRESS_DEPRECATED_REDIRECT_NO_URL","BASELINE","2","128.0679","105.4445","22.623400000000004","true","true","2","2","0","false","NONE","302","false","false","266",""
"P1","Express","EXPRESS_DEPRECATED_REDIRECT_NO_URL","BASELINE","3","105.4445","105.4445","0","true","true","2","2","0","false","NONE","302","false","false","266",""
"P1","Express","EXPRESS_DEPRECATED_REDIRECT_NO_URL","BASELINE","4","102.0267","105.4445","-3.4177999999999997","true","true","2","2","0","false","NONE","302","false","false","266",""
"P1","Express","EXPRESS_DEPRECATED_REDIRECT_NO_URL","BASELINE","5","115.2418","105.4445","9.797299999999993","true","true","2","2","0","false","NONE","302","false","false","266",""
"P1","Express","EXPRESS_DEPRECATED_REDIRECT_NO_URL","DROP_WARNING","1","94.2587","105.4445","-11.1858","true","true","2","0","0","true","OBSERVABILITY_DROP","302","false","false","0",""
"P1","Express","EXPRESS_DEPRECATED_REDIRECT_NO_URL","DROP_WARNING","2","91.6739","105.4445","-13.770600000000002","true","true","2","0","0","true","OBSERVABILITY_DROP","302","false","false","0",""
"P1","Express","EXPRESS_DEPRECATED_REDIRECT_NO_URL","DROP_WARNING","3","90.3555","105.4445","-15.088999999999999","true","true","2","0","0","true","OBSERVABILITY_DROP","302","false","false","0",""
"P1","Express","EXPRESS_DEPRECATED_REDIRECT_NO_URL","DROP_WARNING","4","87.0295","105.4445","-18.415000000000006","true","true","2","0","0","true","OBSERVABILITY_DROP","302","false","false","0",""
"P1","Express","EXPRESS_DEPRECATED_REDIRECT_NO_URL","DROP_WARNING","5","155.2924","105.4445","49.84789999999998","true","true","2","0","0","true","OBSERVABILITY_DROP","302","false","false","0",""
"P1","Express","EXPRESS_DEPRECATED_REDIRECT_NO_URL","CORRUPT_WARNING","1","99.3406","105.4445","-6.10390000000001","true","true","2","2","0","true","OBSERVABILITY_CORRUPTION","302","true","false","312",""
"P1","Express","EXPRESS_DEPRECATED_REDIRECT_NO_URL","CORRUPT_WARNING","2","94.278","105.4445","-11.1665","true","true","2","2","0","true","OBSERVABILITY_CORRUPTION","302","true","false","312",""
"P1","Express","EXPRESS_DEPRECATED_REDIRECT_NO_URL","CORRUPT_WARNING","3","90.1281","105.4445","-15.316400000000002","true","true","2","2","0","true","OBSERVABILITY_CORRUPTION","302","true","false","312",""
"P1","Express","EXPRESS_DEPRECATED_REDIRECT_NO_URL","CORRUPT_WARNING","4","90.6362","105.4445","-14.808300000000003","true","true","2","2","0","true","OBSERVABILITY_CORRUPTION","302","true","false","312",""
"P1","Express","EXPRESS_DEPRECATED_REDIRECT_NO_URL","CORRUPT_WARNING","5","94.2015","105.4445","-11.24300000000001","true","true","2","2","0","true","OBSERVABILITY_CORRUPTION","302","true","false","312",""
"P1","Express","EXPRESS_DEPRECATED_REDIRECT_NO_URL","DUPLICATE_WARNING","1","103.1842","105.4445","-2.260300000000001","true","true","2","4","0","true","OBSERVABILITY_DUPLICATION","302","false","true","576",""
"P1","Express","EXPRESS_DEPRECATED_REDIRECT_NO_URL","DUPLICATE_WARNING","2","93.0596","105.4445","-12.384900000000002","true","true","2","4","0","true","OBSERVABILITY_DUPLICATION","302","false","true","576",""
"P1","Express","EXPRESS_DEPRECATED_REDIRECT_NO_URL","DUPLICATE_WARNING","3","90.6444","105.4445","-14.8001","true","true","2","4","0","true","OBSERVABILITY_DUPLICATION","302","false","true","576",""
"P1","Express","EXPRESS_DEPRECATED_REDIRECT_NO_URL","DUPLICATE_WARNING","4","115.3389","105.4445","9.89439999999999","true","true","2","4","0","true","OBSERVABILITY_DUPLICATION","302","false","true","576",""
"P1","Express","EXPRESS_DEPRECATED_REDIRECT_NO_URL","DUPLICATE_WARNING","5","106.2045","105.4445","0.7599999999999909","true","true","2","4","0","true","OBSERVABILITY_DUPLICATION","302","false","true","576",""
"P1","Express","EXPRESS_DEPRECATED_REDIRECT_NO_URL","DELAY_WARNING","1","187.8287","105.4445","82.38419999999999","true","true","2","2","100","true","LATENCY","302","false","false","266",""
"P1","Express","EXPRESS_DEPRECATED_REDIRECT_NO_URL","DELAY_WARNING","2","206.9651","105.4445","101.5206","true","true","2","2","100","true","LATENCY","302","false","false","266",""
"P1","Express","EXPRESS_DEPRECATED_REDIRECT_NO_URL","DELAY_WARNING","3","189.5168","105.4445","84.07229999999998","true","true","2","2","100","true","LATENCY","302","false","false","266",""
"P1","Express","EXPRESS_DEPRECATED_REDIRECT_NO_URL","DELAY_WARNING","4","222.6447","105.4445","117.2002","true","true","2","2","100","true","LATENCY","302","false","false","266",""
"P1","Express","EXPRESS_DEPRECATED_REDIRECT_NO_URL","DELAY_WARNING","5","223.209","105.4445","117.7645","true","true","2","2","100","true","LATENCY","302","false","false","266",""
"P2","express-session","SESSION_VALID_OPTIONS","BASELINE","1","14.2633","14.486","-0.22270000000000145","true","false","0","0","0","false","NONE","","false","false","0",""
"P2","express-session","SESSION_VALID_OPTIONS","BASELINE","2","17.9711","14.486","3.485099999999999","true","false","0","0","0","false","NONE","","false","false","0",""
"P2","express-session","SESSION_VALID_OPTIONS","BASELINE","3","14.486","14.486","0","true","false","0","0","0","false","NONE","","false","false","0",""
"P2","express-session","SESSION_VALID_OPTIONS","BASELINE","4","15.9723","14.486","1.4863","true","false","0","0","0","false","NONE","","false","false","0",""
"P2","express-session","SESSION_VALID_OPTIONS","BASELINE","5","14.2054","14.486","-0.2806000000000015","true","false","0","0","0","false","NONE","","false","false","0",""
"P2","express-session","SESSION_VALID_OPTIONS","DROP_WARNING","1","17.7169","14.486","3.2308999999999983","true","false","0","0","0","false","NONE","","false","false","0",""
"P2","express-session","SESSION_VALID_OPTIONS","DROP_WARNING","2","14.8027","14.486","0.3166999999999991","true","false","0","0","0","false","NONE","","false","false","0",""
"P2","express-session","SESSION_VALID_OPTIONS","DROP_WARNING","3","15.7208","14.486","1.2348","true","false","0","0","0","false","NONE","","false","false","0",""
"P2","express-session","SESSION_VALID_OPTIONS","DROP_WARNING","4","15.898","14.486","1.411999999999999","true","false","0","0","0","false","NONE","","false","false","0",""
"P2","express-session","SESSION_VALID_OPTIONS","DROP_WARNING","5","15.1646","14.486","0.6785999999999994","true","false","0","0","0","false","NONE","","false","false","0",""
"P2","express-session","SESSION_VALID_OPTIONS","CORRUPT_WARNING","1","18.5044","14.486","4.0184","true","false","0","0","0","false","NONE","","false","false","0",""
"P2","express-session","SESSION_VALID_OPTIONS","CORRUPT_WARNING","2","17.7645","14.486","3.278500000000001","true","false","0","0","0","false","NONE","","false","false","0",""
"P2","express-session","SESSION_VALID_OPTIONS","CORRUPT_WARNING","3","17.2847","14.486","2.7987","true","false","0","0","0","false","NONE","","false","false","0",""
"P2","express-session","SESSION_VALID_OPTIONS","CORRUPT_WARNING","4","17.8867","14.486","3.4007000000000005","true","false","0","0","0","false","NONE","","false","false","0",""
"P2","express-session","SESSION_VALID_OPTIONS","CORRUPT_WARNING","5","15.3927","14.486","0.906699999999999","true","false","0","0","0","false","NONE","","false","false","0",""
"P2","express-session","SESSION_VALID_OPTIONS","DUPLICATE_WARNING","1","17.6983","14.486","3.212299999999999","true","false","0","0","0","false","NONE","","false","false","0",""
"P2","express-session","SESSION_VALID_OPTIONS","DUPLICATE_WARNING","2","18.3891","14.486","3.9030999999999985","true","false","0","0","0","false","NONE","","false","false","0",""
"P2","express-session","SESSION_VALID_OPTIONS","DUPLICATE_WARNING","3","14.6167","14.486","0.13069999999999915","true","false","0","0","0","false","NONE","","false","false","0",""
"P2","express-session","SESSION_VALID_OPTIONS","DUPLICATE_WARNING","4","15.9374","14.486","1.4513999999999996","true","false","0","0","0","false","NONE","","false","false","0",""
"P2","express-session","SESSION_VALID_OPTIONS","DUPLICATE_WARNING","5","19.5293","14.486","5.043299999999999","true","false","0","0","0","false","NONE","","false","false","0",""
"P2","express-session","SESSION_VALID_OPTIONS","DELAY_WARNING","1","20.8297","14.486","6.343699999999998","true","false","0","0","0","false","NONE","","false","false","0",""
"P2","express-session","SESSION_VALID_OPTIONS","DELAY_WARNING","2","13.9848","14.486","-0.5012000000000008","true","false","0","0","0","false","NONE","","false","false","0",""
"P2","express-session","SESSION_VALID_OPTIONS","DELAY_WARNING","3","21.234","14.486","6.748000000000001","true","false","0","0","0","false","NONE","","false","false","0",""
"P2","express-session","SESSION_VALID_OPTIONS","DELAY_WARNING","4","15.6862","14.486","1.2001999999999988","true","false","0","0","0","false","NONE","","false","false","0",""
"P2","express-session","SESSION_VALID_OPTIONS","DELAY_WARNING","5","15.8677","14.486","1.3816999999999986","true","false","0","0","0","false","NONE","","false","false","0",""
"P2","express-session","SESSION_MISSING_RESAVE_AND_SAVEUNINITIALIZED","BASELINE","1","18.6015","15.7528","2.848700000000001","true","true","2","2","0","false","NONE","","false","false","356",""
"P2","express-session","SESSION_MISSING_RESAVE_AND_SAVEUNINITIALIZED","BASELINE","2","15.7528","15.7528","0","true","true","2","2","0","false","NONE","","false","false","356",""
"P2","express-session","SESSION_MISSING_RESAVE_AND_SAVEUNINITIALIZED","BASELINE","3","15.9705","15.7528","0.2176999999999989","true","true","2","2","0","false","NONE","","false","false","356",""
"P2","express-session","SESSION_MISSING_RESAVE_AND_SAVEUNINITIALIZED","BASELINE","4","15.3873","15.7528","-0.3655000000000008","true","true","2","2","0","false","NONE","","false","false","356",""
"P2","express-session","SESSION_MISSING_RESAVE_AND_SAVEUNINITIALIZED","BASELINE","5","15.4479","15.7528","-0.30489999999999995","true","true","2","2","0","false","NONE","","false","false","356",""
"P2","express-session","SESSION_MISSING_RESAVE_AND_SAVEUNINITIALIZED","DROP_WARNING","1","14.8914","15.7528","-0.8613999999999997","true","true","2","0","0","true","OBSERVABILITY_DROP","","false","false","0",""
"P2","express-session","SESSION_MISSING_RESAVE_AND_SAVEUNINITIALIZED","DROP_WARNING","2","14.925","15.7528","-0.8277999999999999","true","true","2","0","0","true","OBSERVABILITY_DROP","","false","false","0",""
"P2","express-session","SESSION_MISSING_RESAVE_AND_SAVEUNINITIALIZED","DROP_WARNING","3","15.2492","15.7528","-0.5036000000000005","true","true","2","0","0","true","OBSERVABILITY_DROP","","false","false","0",""
"P2","express-session","SESSION_MISSING_RESAVE_AND_SAVEUNINITIALIZED","DROP_WARNING","4","20.4455","15.7528","4.6926999999999985","true","true","2","0","0","true","OBSERVABILITY_DROP","","false","false","0",""
"P2","express-session","SESSION_MISSING_RESAVE_AND_SAVEUNINITIALIZED","DROP_WARNING","5","16.8098","15.7528","1.0569999999999986","true","true","2","0","0","true","OBSERVABILITY_DROP","","false","false","0",""
"P2","express-session","SESSION_MISSING_RESAVE_AND_SAVEUNINITIALIZED","CORRUPT_WARNING","1","17.4229","15.7528","1.670099999999998","true","true","2","2","0","true","OBSERVABILITY_CORRUPTION","","true","false","402",""
"P2","express-session","SESSION_MISSING_RESAVE_AND_SAVEUNINITIALIZED","CORRUPT_WARNING","2","15.9617","15.7528","0.20889999999999986","true","true","2","2","0","true","OBSERVABILITY_CORRUPTION","","true","false","402",""
"P2","express-session","SESSION_MISSING_RESAVE_AND_SAVEUNINITIALIZED","CORRUPT_WARNING","3","16.4802","15.7528","0.7273999999999994","true","true","2","2","0","true","OBSERVABILITY_CORRUPTION","","true","false","402",""
"P2","express-session","SESSION_MISSING_RESAVE_AND_SAVEUNINITIALIZED","CORRUPT_WARNING","4","16.1958","15.7528","0.44299999999999784","true","true","2","2","0","true","OBSERVABILITY_CORRUPTION","","true","false","402",""
"P2","express-session","SESSION_MISSING_RESAVE_AND_SAVEUNINITIALIZED","CORRUPT_WARNING","5","29.1665","15.7528","13.413699999999999","true","true","2","2","0","true","OBSERVABILITY_CORRUPTION","","true","false","402",""
"P2","express-session","SESSION_MISSING_RESAVE_AND_SAVEUNINITIALIZED","DUPLICATE_WARNING","1","16.9786","15.7528","1.2257999999999996","true","true","2","4","0","true","OBSERVABILITY_DUPLICATION","","false","true","756",""
"P2","express-session","SESSION_MISSING_RESAVE_AND_SAVEUNINITIALIZED","DUPLICATE_WARNING","2","14.4658","15.7528","-1.2870000000000008","true","true","2","4","0","true","OBSERVABILITY_DUPLICATION","","false","true","756",""
"P2","express-session","SESSION_MISSING_RESAVE_AND_SAVEUNINITIALIZED","DUPLICATE_WARNING","3","20.4832","15.7528","4.7303999999999995","true","true","2","4","0","true","OBSERVABILITY_DUPLICATION","","false","true","756",""
"P2","express-session","SESSION_MISSING_RESAVE_AND_SAVEUNINITIALIZED","DUPLICATE_WARNING","4","16.9758","15.7528","1.222999999999999","true","true","2","4","0","true","OBSERVABILITY_DUPLICATION","","false","true","756",""
"P2","express-session","SESSION_MISSING_RESAVE_AND_SAVEUNINITIALIZED","DUPLICATE_WARNING","5","15.885","15.7528","0.1321999999999992","true","true","2","4","0","true","OBSERVABILITY_DUPLICATION","","false","true","756",""
"P2","express-session","SESSION_MISSING_RESAVE_AND_SAVEUNINITIALIZED","DELAY_WARNING","1","114.1503","15.7528","98.39750000000001","true","true","2","2","100","true","LATENCY","","false","false","356",""
"P2","express-session","SESSION_MISSING_RESAVE_AND_SAVEUNINITIALIZED","DELAY_WARNING","2","115.1946","15.7528","99.4418","true","true","2","2","100","true","LATENCY","","false","false","356",""
"P2","express-session","SESSION_MISSING_RESAVE_AND_SAVEUNINITIALIZED","DELAY_WARNING","3","116.308","15.7528","100.55520000000001","true","true","2","2","100","true","LATENCY","","false","false","356",""
"P2","express-session","SESSION_MISSING_RESAVE_AND_SAVEUNINITIALIZED","DELAY_WARNING","4","121.3839","15.7528","105.6311","true","true","2","2","100","true","LATENCY","","false","false","356",""
"P2","express-session","SESSION_MISSING_RESAVE_AND_SAVEUNINITIALIZED","DELAY_WARNING","5","114.6389","15.7528","98.8861","true","true","2","2","100","true","LATENCY","","false","false","356",""
"P2","express-session","SESSION_MISSING_SECRET","BASELINE","1","17.0401","16.7452","0.2948999999999984","true","true","1","1","0","false","NONE","","false","false","154",""
"P2","express-session","SESSION_MISSING_SECRET","BASELINE","2","15.2849","16.7452","-1.4603000000000002","true","true","1","1","0","false","NONE","","false","false","154",""
"P2","express-session","SESSION_MISSING_SECRET","BASELINE","3","16.1963","16.7452","-0.5488999999999997","true","true","1","1","0","false","NONE","","false","false","154",""
"P2","express-session","SESSION_MISSING_SECRET","BASELINE","4","16.7452","16.7452","0","true","true","1","1","0","false","NONE","","false","false","154",""
"P2","express-session","SESSION_MISSING_SECRET","BASELINE","5","20.4113","16.7452","3.6661","true","true","1","1","0","false","NONE","","false","false","154",""
"P2","express-session","SESSION_MISSING_SECRET","DROP_WARNING","1","24.8176","16.7452","8.072399999999998","true","true","1","0","0","true","OBSERVABILITY_DROP","","false","false","0",""
"P2","express-session","SESSION_MISSING_SECRET","DROP_WARNING","2","14.5936","16.7452","-2.1516","true","true","1","0","0","true","OBSERVABILITY_DROP","","false","false","0",""
"P2","express-session","SESSION_MISSING_SECRET","DROP_WARNING","3","19.4085","16.7452","2.6632999999999996","true","true","1","0","0","true","OBSERVABILITY_DROP","","false","false","0",""
"P2","express-session","SESSION_MISSING_SECRET","DROP_WARNING","4","23.7811","16.7452","7.035899999999998","true","true","1","0","0","true","OBSERVABILITY_DROP","","false","false","0",""
"P2","express-session","SESSION_MISSING_SECRET","DROP_WARNING","5","14.3986","16.7452","-2.3466000000000005","true","true","1","0","0","true","OBSERVABILITY_DROP","","false","false","0",""
"P2","express-session","SESSION_MISSING_SECRET","CORRUPT_WARNING","1","17.209","16.7452","0.4637999999999991","true","true","1","1","0","true","OBSERVABILITY_CORRUPTION","","true","false","177",""
"P2","express-session","SESSION_MISSING_SECRET","CORRUPT_WARNING","2","19.2863","16.7452","2.5411","true","true","1","1","0","true","OBSERVABILITY_CORRUPTION","","true","false","177",""
"P2","express-session","SESSION_MISSING_SECRET","CORRUPT_WARNING","3","20.9413","16.7452","4.196099999999998","true","true","1","1","0","true","OBSERVABILITY_CORRUPTION","","true","false","177",""
"P2","express-session","SESSION_MISSING_SECRET","CORRUPT_WARNING","4","15.2376","16.7452","-1.5076","true","true","1","1","0","true","OBSERVABILITY_CORRUPTION","","true","false","177",""
"P2","express-session","SESSION_MISSING_SECRET","CORRUPT_WARNING","5","17.0581","16.7452","0.31289999999999907","true","true","1","1","0","true","OBSERVABILITY_CORRUPTION","","true","false","177",""
"P2","express-session","SESSION_MISSING_SECRET","DUPLICATE_WARNING","1","15.2702","16.7452","-1.4749999999999996","true","true","1","2","0","true","OBSERVABILITY_DUPLICATION","","false","true","330",""
"P2","express-session","SESSION_MISSING_SECRET","DUPLICATE_WARNING","2","15.6945","16.7452","-1.0507000000000009","true","true","1","2","0","true","OBSERVABILITY_DUPLICATION","","false","true","330",""
"P2","express-session","SESSION_MISSING_SECRET","DUPLICATE_WARNING","3","15.4901","16.7452","-1.2551000000000005","true","true","1","2","0","true","OBSERVABILITY_DUPLICATION","","false","true","330",""
"P2","express-session","SESSION_MISSING_SECRET","DUPLICATE_WARNING","4","16.5187","16.7452","-0.22650000000000148","true","true","1","2","0","true","OBSERVABILITY_DUPLICATION","","false","true","330",""
"P2","express-session","SESSION_MISSING_SECRET","DUPLICATE_WARNING","5","14.9842","16.7452","-1.761000000000001","true","true","1","2","0","true","OBSERVABILITY_DUPLICATION","","false","true","330",""
"P2","express-session","SESSION_MISSING_SECRET","DELAY_WARNING","1","66.7346","16.7452","49.9894","true","true","1","1","50","true","LATENCY","","false","false","154",""
"P2","express-session","SESSION_MISSING_SECRET","DELAY_WARNING","2","64.4927","16.7452","47.7475","true","true","1","1","50","true","LATENCY","","false","false","154",""
"P2","express-session","SESSION_MISSING_SECRET","DELAY_WARNING","3","69.8717","16.7452","53.12650000000001","true","true","1","1","50","true","LATENCY","","false","false","154",""
"P2","express-session","SESSION_MISSING_SECRET","DELAY_WARNING","4","65.0541","16.7452","48.30890000000001","true","true","1","1","50","true","LATENCY","","false","false","154",""
"P2","express-session","SESSION_MISSING_SECRET","DELAY_WARNING","5","64.5421","16.7452","47.79690000000001","true","true","1","1","50","true","LATENCY","","false","false","154",""
"P3","Morgan","MORGAN_COMBINED","BASELINE","1","8.5899","8.5899","0","true","false","0","0","0","false","NONE","","false","false","0",""
"P3","Morgan","MORGAN_COMBINED","BASELINE","2","8.5491","8.5899","-0.040800000000000836","true","false","0","0","0","false","NONE","","false","false","0",""
"P3","Morgan","MORGAN_COMBINED","BASELINE","3","9.0481","8.5899","0.4581999999999997","true","false","0","0","0","false","NONE","","false","false","0",""
"P3","Morgan","MORGAN_COMBINED","BASELINE","4","8.0881","8.5899","-0.5017999999999994","true","false","0","0","0","false","NONE","","false","false","0",""
"P3","Morgan","MORGAN_COMBINED","BASELINE","5","8.6419","8.5899","0.0519999999999996","true","false","0","0","0","false","NONE","","false","false","0",""
"P3","Morgan","MORGAN_COMBINED","DROP_WARNING","1","9.3738","8.5899","0.7838999999999992","true","false","0","0","0","false","NONE","","false","false","0",""
"P3","Morgan","MORGAN_COMBINED","DROP_WARNING","2","9.0256","8.5899","0.43570000000000064","true","false","0","0","0","false","NONE","","false","false","0",""
"P3","Morgan","MORGAN_COMBINED","DROP_WARNING","3","10.3531","8.5899","1.7631999999999994","true","false","0","0","0","false","NONE","","false","false","0",""
"P3","Morgan","MORGAN_COMBINED","DROP_WARNING","4","13.1611","8.5899","4.571199999999999","true","false","0","0","0","false","NONE","","false","false","0",""
"P3","Morgan","MORGAN_COMBINED","DROP_WARNING","5","9.0729","8.5899","0.48300000000000054","true","false","0","0","0","false","NONE","","false","false","0",""
"P3","Morgan","MORGAN_COMBINED","CORRUPT_WARNING","1","8.7171","8.5899","0.1272000000000002","true","false","0","0","0","false","NONE","","false","false","0",""
"P3","Morgan","MORGAN_COMBINED","CORRUPT_WARNING","2","8.5122","8.5899","-0.0777000000000001","true","false","0","0","0","false","NONE","","false","false","0",""
"P3","Morgan","MORGAN_COMBINED","CORRUPT_WARNING","3","14.9821","8.5899","6.392200000000001","true","false","0","0","0","false","NONE","","false","false","0",""
"P3","Morgan","MORGAN_COMBINED","CORRUPT_WARNING","4","11.3191","8.5899","2.7292000000000005","true","false","0","0","0","false","NONE","","false","false","0",""
"P3","Morgan","MORGAN_COMBINED","CORRUPT_WARNING","5","9.1546","8.5899","0.5647000000000002","true","false","0","0","0","false","NONE","","false","false","0",""
"P3","Morgan","MORGAN_COMBINED","DUPLICATE_WARNING","1","10.973","8.5899","2.3831000000000007","true","false","0","0","0","false","NONE","","false","false","0",""
"P3","Morgan","MORGAN_COMBINED","DUPLICATE_WARNING","2","9.6858","8.5899","1.0959000000000003","true","false","0","0","0","false","NONE","","false","false","0",""
"P3","Morgan","MORGAN_COMBINED","DUPLICATE_WARNING","3","9.4827","8.5899","0.8927999999999994","true","false","0","0","0","false","NONE","","false","false","0",""
"P3","Morgan","MORGAN_COMBINED","DUPLICATE_WARNING","4","11.8872","8.5899","3.2973","true","false","0","0","0","false","NONE","","false","false","0",""
"P3","Morgan","MORGAN_COMBINED","DUPLICATE_WARNING","5","13.8876","8.5899","5.297700000000001","true","false","0","0","0","false","NONE","","false","false","0",""
"P3","Morgan","MORGAN_COMBINED","DELAY_WARNING","1","14.0535","8.5899","5.4636","true","false","0","0","0","false","NONE","","false","false","0",""
"P3","Morgan","MORGAN_COMBINED","DELAY_WARNING","2","8.8092","8.5899","0.2193000000000005","true","false","0","0","0","false","NONE","","false","false","0",""
"P3","Morgan","MORGAN_COMBINED","DELAY_WARNING","3","9.8725","8.5899","1.2826000000000004","true","false","0","0","0","false","NONE","","false","false","0",""
"P3","Morgan","MORGAN_COMBINED","DELAY_WARNING","4","10.6173","8.5899","2.0274","true","false","0","0","0","false","NONE","","false","false","0",""
"P3","Morgan","MORGAN_COMBINED","DELAY_WARNING","5","9.5699","8.5899","0.9800000000000004","true","false","0","0","0","false","NONE","","false","false","0",""
"P3","Morgan","MORGAN_UNDEFINED_FORMAT","BASELINE","1","11.5115","11.5115","0","true","true","1","1","0","false","NONE","","false","false","274",""
"P3","Morgan","MORGAN_UNDEFINED_FORMAT","BASELINE","2","10.2423","11.5115","-1.2691999999999997","true","true","1","1","0","false","NONE","","false","false","274",""
"P3","Morgan","MORGAN_UNDEFINED_FORMAT","BASELINE","3","13.1442","11.5115","1.6326999999999998","true","true","1","1","0","false","NONE","","false","false","274",""
"P3","Morgan","MORGAN_UNDEFINED_FORMAT","BASELINE","4","28.7174","11.5115","17.2059","true","true","1","1","0","false","NONE","","false","false","274",""
"P3","Morgan","MORGAN_UNDEFINED_FORMAT","BASELINE","5","9.5507","11.5115","-1.960799999999999","true","true","1","1","0","false","NONE","","false","false","274",""
"P3","Morgan","MORGAN_UNDEFINED_FORMAT","DROP_WARNING","1","11.311","11.5115","-0.2004999999999999","true","true","1","0","0","true","OBSERVABILITY_DROP","","false","false","138",""
"P3","Morgan","MORGAN_UNDEFINED_FORMAT","DROP_WARNING","2","9.7239","11.5115","-1.7875999999999994","true","true","1","0","0","true","OBSERVABILITY_DROP","","false","false","138",""
"P3","Morgan","MORGAN_UNDEFINED_FORMAT","DROP_WARNING","3","9.2838","11.5115","-2.2277000000000005","true","true","1","0","0","true","OBSERVABILITY_DROP","","false","false","138",""
"P3","Morgan","MORGAN_UNDEFINED_FORMAT","DROP_WARNING","4","10.5853","11.5115","-0.9261999999999997","true","true","1","0","0","true","OBSERVABILITY_DROP","","false","false","138",""
"P3","Morgan","MORGAN_UNDEFINED_FORMAT","DROP_WARNING","5","11.3669","11.5115","-0.1446000000000005","true","true","1","0","0","true","OBSERVABILITY_DROP","","false","false","138",""
"P3","Morgan","MORGAN_UNDEFINED_FORMAT","CORRUPT_WARNING","1","10.8403","11.5115","-0.6712000000000007","true","true","1","1","0","true","OBSERVABILITY_CORRUPTION","","true","false","297",""
"P3","Morgan","MORGAN_UNDEFINED_FORMAT","CORRUPT_WARNING","2","11.3838","11.5115","-0.12769999999999904","true","true","1","1","0","true","OBSERVABILITY_CORRUPTION","","true","false","297",""
"P3","Morgan","MORGAN_UNDEFINED_FORMAT","CORRUPT_WARNING","3","14.6446","11.5115","3.1331000000000007","true","true","1","1","0","true","OBSERVABILITY_CORRUPTION","","true","false","297",""
"P3","Morgan","MORGAN_UNDEFINED_FORMAT","CORRUPT_WARNING","4","10.3487","11.5115","-1.1628000000000007","true","true","1","1","0","true","OBSERVABILITY_CORRUPTION","","true","false","297",""
"P3","Morgan","MORGAN_UNDEFINED_FORMAT","CORRUPT_WARNING","5","10.4858","11.5115","-1.0257000000000005","true","true","1","1","0","true","OBSERVABILITY_CORRUPTION","","true","false","297",""
"P3","Morgan","MORGAN_UNDEFINED_FORMAT","DUPLICATE_WARNING","1","18.6038","11.5115","7.0923","true","true","1","2","0","true","OBSERVABILITY_DUPLICATION","","false","true","432",""
"P3","Morgan","MORGAN_UNDEFINED_FORMAT","DUPLICATE_WARNING","2","10.5727","11.5115","-0.9388000000000005","true","true","1","2","0","true","OBSERVABILITY_DUPLICATION","","false","true","432",""
"P3","Morgan","MORGAN_UNDEFINED_FORMAT","DUPLICATE_WARNING","3","9.2638","11.5115","-2.2477","true","true","1","2","0","true","OBSERVABILITY_DUPLICATION","","false","true","432",""
"P3","Morgan","MORGAN_UNDEFINED_FORMAT","DUPLICATE_WARNING","4","16.5725","11.5115","5.061000000000002","true","true","1","2","0","true","OBSERVABILITY_DUPLICATION","","false","true","432",""
"P3","Morgan","MORGAN_UNDEFINED_FORMAT","DUPLICATE_WARNING","5","11.5593","11.5115","0.04780000000000051","true","true","1","2","0","true","OBSERVABILITY_DUPLICATION","","false","true","432",""
"P3","Morgan","MORGAN_UNDEFINED_FORMAT","DELAY_WARNING","1","63.1711","11.5115","51.659600000000005","true","true","1","1","50","true","LATENCY","","false","false","274",""
"P3","Morgan","MORGAN_UNDEFINED_FORMAT","DELAY_WARNING","2","66.7089","11.5115","55.1974","true","true","1","1","50","true","LATENCY","","false","false","274",""
"P3","Morgan","MORGAN_UNDEFINED_FORMAT","DELAY_WARNING","3","60.907","11.5115","49.3955","true","true","1","1","50","true","LATENCY","","false","false","274",""
"P3","Morgan","MORGAN_UNDEFINED_FORMAT","DELAY_WARNING","4","63.7157","11.5115","52.2042","true","true","1","1","50","true","LATENCY","","false","false","274",""
"P3","Morgan","MORGAN_UNDEFINED_FORMAT","DELAY_WARNING","5","60.7845","11.5115","49.273","true","true","1","1","50","true","LATENCY","","false","false","274",""
"P3","Morgan","MORGAN_LEGACY_OPTIONS_OBJECT","BASELINE","1","10.4561","10.9367","-0.4806000000000008","true","true","1","1","0","false","NONE","","false","false","157",""
"P3","Morgan","MORGAN_LEGACY_OPTIONS_OBJECT","BASELINE","2","10.9611","10.9367","0.024399999999999977","true","true","1","1","0","false","NONE","","false","false","157",""
"P3","Morgan","MORGAN_LEGACY_OPTIONS_OBJECT","BASELINE","3","11.6121","10.9367","0.6753999999999998","true","true","1","1","0","false","NONE","","false","false","157",""
"P3","Morgan","MORGAN_LEGACY_OPTIONS_OBJECT","BASELINE","4","10.7482","10.9367","-0.18849999999999945","true","true","1","1","0","false","NONE","","false","false","157",""
"P3","Morgan","MORGAN_LEGACY_OPTIONS_OBJECT","BASELINE","5","10.9367","10.9367","0","true","true","1","1","0","false","NONE","","false","false","157",""
"P3","Morgan","MORGAN_LEGACY_OPTIONS_OBJECT","DROP_WARNING","1","9.3273","10.9367","-1.6094000000000008","true","true","1","0","0","true","OBSERVABILITY_DROP","","false","false","0",""
"P3","Morgan","MORGAN_LEGACY_OPTIONS_OBJECT","DROP_WARNING","2","8.5975","10.9367","-2.3392","true","true","1","0","0","true","OBSERVABILITY_DROP","","false","false","0",""
"P3","Morgan","MORGAN_LEGACY_OPTIONS_OBJECT","DROP_WARNING","3","9.3394","10.9367","-1.5973000000000006","true","true","1","0","0","true","OBSERVABILITY_DROP","","false","false","0",""
"P3","Morgan","MORGAN_LEGACY_OPTIONS_OBJECT","DROP_WARNING","4","8.0874","10.9367","-2.8492999999999995","true","true","1","0","0","true","OBSERVABILITY_DROP","","false","false","0",""
"P3","Morgan","MORGAN_LEGACY_OPTIONS_OBJECT","DROP_WARNING","5","8.009","10.9367","-2.9276999999999997","true","true","1","0","0","true","OBSERVABILITY_DROP","","false","false","0",""
"P3","Morgan","MORGAN_LEGACY_OPTIONS_OBJECT","CORRUPT_WARNING","1","9.7326","10.9367","-1.2041000000000004","true","true","1","1","0","true","OBSERVABILITY_CORRUPTION","","true","false","180",""
"P3","Morgan","MORGAN_LEGACY_OPTIONS_OBJECT","CORRUPT_WARNING","2","9.7935","10.9367","-1.1432000000000002","true","true","1","1","0","true","OBSERVABILITY_CORRUPTION","","true","false","180",""
"P3","Morgan","MORGAN_LEGACY_OPTIONS_OBJECT","CORRUPT_WARNING","3","9.7884","10.9367","-1.1483000000000008","true","true","1","1","0","true","OBSERVABILITY_CORRUPTION","","true","false","180",""
"P3","Morgan","MORGAN_LEGACY_OPTIONS_OBJECT","CORRUPT_WARNING","4","9.8479","10.9367","-1.0888000000000009","true","true","1","1","0","true","OBSERVABILITY_CORRUPTION","","true","false","180",""
"P3","Morgan","MORGAN_LEGACY_OPTIONS_OBJECT","CORRUPT_WARNING","5","9.3664","10.9367","-1.5702999999999996","true","true","1","1","0","true","OBSERVABILITY_CORRUPTION","","true","false","180",""
"P3","Morgan","MORGAN_LEGACY_OPTIONS_OBJECT","DUPLICATE_WARNING","1","8.925","10.9367","-2.0116999999999994","true","true","1","2","0","true","OBSERVABILITY_DUPLICATION","","false","true","336",""
"P3","Morgan","MORGAN_LEGACY_OPTIONS_OBJECT","DUPLICATE_WARNING","2","11.9461","10.9367","1.0093999999999994","true","true","1","2","0","true","OBSERVABILITY_DUPLICATION","","false","true","336",""
"P3","Morgan","MORGAN_LEGACY_OPTIONS_OBJECT","DUPLICATE_WARNING","3","10.0354","10.9367","-0.9013000000000009","true","true","1","2","0","true","OBSERVABILITY_DUPLICATION","","false","true","336",""
"P3","Morgan","MORGAN_LEGACY_OPTIONS_OBJECT","DUPLICATE_WARNING","4","9.6355","10.9367","-1.3011999999999997","true","true","1","2","0","true","OBSERVABILITY_DUPLICATION","","false","true","336",""
"P3","Morgan","MORGAN_LEGACY_OPTIONS_OBJECT","DUPLICATE_WARNING","5","9.7428","10.9367","-1.1938999999999993","true","true","1","2","0","true","OBSERVABILITY_DUPLICATION","","false","true","336",""
"P3","Morgan","MORGAN_LEGACY_OPTIONS_OBJECT","DELAY_WARNING","1","61.6129","10.9367","50.6762","true","true","1","1","50","true","LATENCY","","false","false","157",""
"P3","Morgan","MORGAN_LEGACY_OPTIONS_OBJECT","DELAY_WARNING","2","59.5661","10.9367","48.6294","true","true","1","1","50","true","LATENCY","","false","false","157",""
"P3","Morgan","MORGAN_LEGACY_OPTIONS_OBJECT","DELAY_WARNING","3","59.6281","10.9367","48.6914","true","true","1","1","50","true","LATENCY","","false","false","157",""
"P3","Morgan","MORGAN_LEGACY_OPTIONS_OBJECT","DELAY_WARNING","4","59.8968","10.9367","48.9601","true","true","1","1","50","true","LATENCY","","false","false","157",""
"P3","Morgan","MORGAN_LEGACY_OPTIONS_OBJECT","DELAY_WARNING","5","59.7367","10.9367","48.8","true","true","1","1","50","true","LATENCY","","false","false","157",""