pathId,path,context,perturbation,trials,observedImpactRate,topologyPerturbationPrediction,topologyPerturbationAbsoluteError,alphaPath,qPathConditionalOnActive,contextAwarePrediction,contextAwareAbsoluteError
PA,morgan@1.12.1 -> debug@2.6.9 -> ms@2.0.0,INACTIVE_COLORS_OFF,CORRUPT_HUMANIZE,5,0,1,1,0,,0,0
PA,morgan@1.12.1 -> debug@2.6.9 -> ms@2.0.0,INACTIVE_COLORS_OFF,EMPTY_HUMANIZE,5,0,1,1,0,,0,0
PA,morgan@1.12.1 -> debug@2.6.9 -> ms@2.0.0,INACTIVE_COLORS_OFF,DELAY_HUMANIZE,5,0,1,1,0,,0,0
PA,morgan@1.12.1 -> debug@2.6.9 -> ms@2.0.0,ACTIVE_COLORS_ON,CORRUPT_HUMANIZE,5,1,1,0,1,1,1,0
PA,morgan@1.12.1 -> debug@2.6.9 -> ms@2.0.0,ACTIVE_COLORS_ON,EMPTY_HUMANIZE,5,1,1,0,1,1,1,0
PA,morgan@1.12.1 -> debug@2.6.9 -> ms@2.0.0,ACTIVE_COLORS_ON,DELAY_HUMANIZE,5,1,1,0,1,1,1,0
PB,morgan@1.12.1 -> on-finished@2.4.1 -> ee-first@1.1.1,MORGAN_IMMEDIATE_REQUEST,DROP_COMPLETION,5,0,1,1,0,,0,0
PB,morgan@1.12.1 -> on-finished@2.4.1 -> ee-first@1.1.1,MORGAN_IMMEDIATE_REQUEST,CORRUPT_ERROR,5,0,1,1,0,,0,0
PB,morgan@1.12.1 -> on-finished@2.4.1 -> ee-first@1.1.1,MORGAN_IMMEDIATE_REQUEST,DELAY_COMPLETION,5,0,1,1,0,,0,0
PB,morgan@1.12.1 -> on-finished@2.4.1 -> ee-first@1.1.1,MORGAN_NORMAL_REQUEST,DROP_COMPLETION,5,1,1,0,1,1,1,0
PB,morgan@1.12.1 -> on-finished@2.4.1 -> ee-first@1.1.1,MORGAN_NORMAL_REQUEST,CORRUPT_ERROR,5,1,1,0,1,1,1,0
PB,morgan@1.12.1 -> on-finished@2.4.1 -> ee-first@1.1.1,MORGAN_NORMAL_REQUEST,DELAY_COMPLETION,5,1,1,0,1,1,1,0